{
  "timestamp": "2026-03-11T12:55:47.320324",
  "source": "synthetic_demo",
  "chip": "ATmega328P_DIP28",
  "fit": {
    "success": true,
    "T_0_fitted_c": 24.998,
    "T_ss_fitted_c": 28.213,
    "tau_fitted_s": 52.97,
    "T_idle_mean_c": 24.998,
    "delta_T_c": 3.2144,
    "r_theta_measured": 67.67,
    "c_thermal_measured": 0.7828,
    "r_squared": 0.99624,
    "param_stderr": [
      0.0249,
      0.0059,
      0.7042
    ],
    "n_points": 96
  },
  "correction_factors": {
    "r_theta_correction_factor": 0.9951,
    "c_thermal_correction_factor": 0.9785,
    "tau_correction_factor": 0.9737,
    "power_correction_factor": 1.0,
    "fit_quality": "EXCELLENT",
    "r_theta_published": 68.0,
    "r_theta_measured": 67.67,
    "c_thermal_published": 0.8,
    "c_thermal_measured": 0.7828,
    "interpretation": "Thermal resistance within 10% of datasheet (good calibration). Thermal capacitance reasonable for DIP28 package."
  },
  "reference": {
    "r_theta_ja_published": 68.0,
    "p_active_mw": 75.0,
    "p_idle_mw": 27.5,
    "delta_p_mw": 47.5,
    "delta_t_expected_c": 3.23,
    "tau_expected_s": 54.4,
    "c_thermal_ref": 0.8
  },
  "t_idle": [
    0.0,
    5.0,
    10.0,
    15.0,
    20.0,
    25.0,
    30.0,
    35.0,
    40.0,
    45.0,
    50.0,
    55.0,
    60.0,
    65.0,
    70.0,
    75.0,
    80.0,
    85.0,
    90.0,
    95.0,
    100.0,
    105.0,
    110.0,
    115.0
  ],
  "T_idle": [
    25.024377366380353,
    24.91680127150076,
    25.06003609566452,
    25.0752451773113,
    24.843917184907692,
    24.895825639451015,
    25.01022723225338,
    24.974700592612514,
    24.998655907399655,
    24.931756485794114,
    25.070351837989026,
    25.062223354834316,
    25.0052824558049,
    25.090179296557444,
    25.037400747380165,
    24.93125660296934,
    25.0295000627266,
    24.92328939193368,
    25.070276024104583,
    24.9960059271211,
    24.98521101091638,
    24.945525636447684,
    25.097803307093923,
    24.987637641434496
  ],
  "t_active": [
    0.0,
    5.0,
    10.0,
    15.0,
    20.0,
    25.0,
    30.0,
    35.0,
    40.0,
    45.0,
    50.0,
    55.0,
    60.0,
    65.0,
    70.0,
    75.0,
    80.0,
    85.0,
    90.0,
    95.0,
    100.0,
    105.0,
    110.0,
    115.0,
    120.0,
    125.0,
    130.0,
    135.0,
    140.0,
    145.0,
    150.0,
    155.0,
    160.0,
    165.0,
    170.0,
    175.0,
    180.0,
    185.0,
    190.0,
    195.0,
    200.0,
    205.0,
    210.0,
    215.0,
    220.0,
    225.0,
    230.0,
    235.0,
    240.0,
    245.0,
    250.0,
    255.0,
    260.0,
    265.0,
    270.0,
    275.0,
    280.0,
    285.0,
    290.0,
    295.0,
    300.0,
    305.0,
    310.0,
    315.0,
    320.0,
    325.0,
    330.0,
    335.0,
    340.0,
    345.0,
    350.0,
    355.0,
    360.0,
    365.0,
    370.0,
    375.0,
    380.0,
    385.0,
    390.0,
    395.0,
    400.0,
    405.0,
    410.0,
    415.0,
    420.0,
    425.0,
    430.0,
    435.0,
    440.0,
    445.0,
    450.0,
    455.0,
    460.0,
    465.0,
    470.0,
    475.0
  ],
  "T_active": [
    24.96573377422695,
    25.255469721493963,
    25.584957843232,
    25.807620887858327,
    26.026690959231882,
    26.22451972759264,
    26.540522418045338,
    26.50008320742844,
    26.640673412388228,
    26.75251813908019,
    26.99092557060947,
    27.145100884399266,
    27.14886823248897,
    27.18490991488354,
    27.272035635368535,
    27.468372486287706,
    27.547237746502432,
    27.59640756096637,
    27.559168701774734,
    27.685215704949897,
    27.725448519848797,
    27.77873534696123,
    27.872118401388043,
    27.857840806435195,
    27.928517963726325,
    27.910855127613587,
    27.957078611968715,
    28.010449644041273,
    27.867088690004888,
    27.979719547983223,
    27.98739591438226,
    27.991915184932896,
    28.037433087722075,
    28.194016998822175,
    28.018817215140935,
    28.178008262434535,
    27.977284333929482,
    28.09549276801232,
    28.144762865703527,
    28.18726881659191,
    28.205139867728118,
    28.218889069894637,
    28.134072367417215,
    28.130956208401457,
    28.24203179978173,
    28.16306022712419,
    28.08084399957636,
    28.096372081128404,
    28.117251814533276,
    28.2340224778378,
    28.208783074338317,
    28.255491556744605,
    28.168684754537242,
    28.21793098734413,
    28.25746864129231,
    28.184656411206532,
    28.2477547662914,
    28.15990846270687,
    28.185323145645853,
    28.185201184038604,
    28.12132525785618,
    28.25709247953602,
    28.18162443932822,
    28.22112660373187,
    28.259453791673113,
    28.25750740405499,
    28.275737121621336,
    28.21528552753192,
    28.189900768176454,
    28.217934731061533,
    28.089824904833808,
    28.10949827258916,
    28.119866903050333,
    28.146282231689913,
    28.25838973095417,
    28.1542849157876,
    28.196757982479586,
    28.33121172892761,
    28.199011776355842,
    28.286732543153693,
    28.153241107934086,
    28.211677247576727,
    28.152276259190938,
    28.201306591780785,
    28.295791824333143,
    28.09050736224769,
    28.263561661306667,
    28.24793131294794,
    28.18147596952423,
    28.113410452468443,
    28.234944906341685,
    28.186887615744183,
    28.247927250744777,
    28.231121640439383,
    28.35757079854416,
    28.21033022407205
  ]
}